learning evaluation instances,evaluation time (cpu seconds),model cost (RAM-Hours),classified instances,classifications correct (percent),Kappa Statistic (percent),Kappa Temporal Statistic (percent),Kappa M Statistic (percent),model training instances,model serialized size (bytes)
100.0,4.045697,5.327738409861922E-8,100.0,97.0,94.0,93.4782608695652,93.18181818181817,39894.0,50904.0
200.0,4.087687,5.383034626021981E-8,200.0,96.0,92.0,92.59259259259257,90.90909090909089,39994.0,50904.0
300.0,4.121718,5.4197501771979856E-8,300.0,85.66666666666667,71.33333333333334,73.78048780487806,66.66666666666667,89.0,41704.0
400.0,4.154822,5.455465601550208E-8,400.0,76.75,53.49999999999999,56.33802816901407,46.55172413793103,68.0,41704.0
500.0,4.169897,5.471729799898134E-8,500.0,80.4,60.80000000000001,62.16216216216217,54.838709677419374,168.0,41704.0
600.0,4.183586,5.486498662994967E-8,600.0,83.33333333333334,66.66666666666667,67.42671009771986,62.54681647940076,268.0,41704.0
