learning evaluation instances,evaluation time (cpu seconds),model cost (RAM-Hours),classified instances,classifications correct (percent),Kappa Statistic (percent),Kappa Temporal Statistic (percent),Kappa M Statistic (percent),model training instances,model serialized size (bytes)
100.0,19.187357,1.5336500991901589E-6,100.0,98.0,96.0,95.65217391304347,95.45454545454545,60100.0,308968.0
200.0,19.346876,1.5465391509566041E-6,200.0,98.0,96.0,96.29629629629629,95.45454545454545,60200.0,312328.0
300.0,19.510182,1.5593455144556031E-6,300.0,92.0,84.00000000000001,85.36585365853661,81.39534883720931,60300.0,303128.0
400.0,19.657771,1.5712403888089788E-6,400.0,85.0,70.0,71.83098591549295,65.51724137931035,60400.0,311536.0
500.0,19.768808,1.5802424543040492E-6,500.0,87.2,74.4,75.2895752895753,70.50691244239631,60500.0,313384.0
600.0,19.860588,1.587699259157396E-6,600.0,89.0,78.0,78.5016286644951,75.28089887640449,60600.0,314056.0
