learning evaluation instances,evaluation time (cpu seconds),model cost (RAM-Hours),classified instances,classifications correct (percent),Kappa Statistic (percent),Kappa Temporal Statistic (percent),Kappa M Statistic (percent),model training instances,model serialized size (bytes)
100.0,1.307238,1.8432348333299158E-8,100.0,99.0,98.0,97.82608695652173,97.72727272727273,60100.0,54504.0
200.0,1.343412,1.894240982830524E-8,200.0,97.5,95.0,95.37037037037035,94.31818181818181,60200.0,54504.0
300.0,1.371284,1.9330219700932498E-8,300.0,88.33333333333333,76.66666666666666,78.65853658536585,72.86821705426357,87.0,53784.0
400.0,1.398277,1.9705799203366036E-8,400.0,80.0,60.00000000000001,62.441314553990615,54.022988505747136,79.0,53784.0
500.0,1.411054,1.9883577860891815E-8,500.0,83.0,65.99999999999999,67.18146718146717,60.829493087557594,179.0,53784.0
600.0,1.424131,2.006553070619702E-8,600.0,85.5,71.0,71.66123778501627,67.41573033707864,279.0,53784.0
