learning evaluation instances,evaluation time (cpu seconds),model cost (RAM-Hours),classified instances,classifications correct (percent),Kappa Statistic (percent),Kappa Temporal Statistic (percent),Kappa M Statistic (percent),model training instances,model serialized size (bytes)
100.0,3.720428,5.222787278393904E-8,100.0,99.0,98.0,97.82608695652173,97.72727272727273,60100.0,54264.0
200.0,3.764086,5.284074970831473E-8,200.0,98.5,97.0,97.2222222222222,96.59090909090908,60200.0,54264.0
300.0,3.791469,5.322515597566962E-8,300.0,92.33333333333333,84.66666666666667,85.97560975609757,82.17054263565892,60300.0,54264.0
400.0,3.827358,5.372897062450647E-8,400.0,85.25,70.5,72.30046948356808,66.09195402298852,60400.0,54264.0
500.0,3.852039,5.407544584944844E-8,500.0,87.4,74.8,75.67567567567568,70.96774193548387,60500.0,54264.0
600.0,3.870918,5.4340471811592576E-8,600.0,89.16666666666667,78.33333333333334,78.82736156351791,75.65543071161049,60600.0,54264.0
