learning evaluation instances,evaluation time (cpu seconds),model cost (RAM-Hours),classified instances,classifications correct (percent),Kappa Statistic (percent),Kappa Temporal Statistic (percent),Kappa M Statistic (percent),model training instances,model serialized size (bytes)
100.0,0.620046,8.16532451659441E-9,100.0,94.0,87.99999999999999,86.66666666666666,87.75510204081631,10100.0,50904.0
200.0,0.661392,8.709805905818939E-9,200.0,96.0,92.0,91.1111111111111,91.01123595505616,10200.0,50904.0
300.0,0.680979,8.967745173722505E-9,300.0,96.66666666666667,93.33333333333333,93.05555555555556,92.36641221374046,10300.0,50904.0
